Source File	Size	loadResources	load	generateSnapshots	load-configure	scan	loadDepInfo	loadInfo	checkR4R4B	generateNarratives	validate	loadLists	checkConformanceResources	checkConformanceResources2	checkConformanceResources3	generateLogicalMaps	validateExpressions	scanForUsageStats	checkURLsUnique	processProvenanceDetails	translate	generate1	generate2	generateLogicals	makeDependencies	generateExampleZip	generateValidationPack	scanProfilesForR5	scanExamplesForR5
/fsh-generated/resources/ImplementationGuide-hl7.be.fhir.models.json	5274	-	0	0	0	0	0	0	12	79	0	0	0	0	0	0	0	1	0	0	23	189	263	0	0	0	6	0	1
fsh-generated/resources/CodeSystem-BeSafeShareGlossary.json	4049	46	0	0	0	0	0	0	1	45	0	0	0	0	0	0	0	0	0	0	4	51	860	0	0	0	1	0	0
fsh-generated/resources/StructureDefinition-BeModelAnnex81.json	35358	45	0	21	0	0	0	0	0	116	0	0	1	0	0	0	0	0	0	0	4	372	1256	0	0	0	11	1	1
fsh-generated/resources/StructureDefinition-BeModelAssignment.json	28958	32	0	36	0	0	0	0	0	67	0	0	0	0	0	0	0	0	0	0	3	269	505	0	0	0	9	0	0
fsh-generated/resources/StructureDefinition-BeModelNursingPrescription.json	11471	21	0	84	0	0	0	0	0	40	0	0	0	0	0	0	0	1	0	0	2	198	439	0	0	0	7	0	1
fsh-generated/resources/StructureDefinition-BeModelOrganisationClaim.json	13985	29	0	26	1	0	0	1	0	33	0	0	0	0	0	0	0	0	0	0	2	137	419	0	0	0	5	0	0
fsh-generated/resources/StructureDefinition-BeModelProblem.json	38492	15	0	41	0	0	0	0	0	906	0	0	0	0	0	0	0	0	0	0	5	460	954	0	0	0	16	0	1
fsh-generated/resources/StructureDefinition-BeModelRadiologyPrescription.json	22412	8	0	41	0	0	0	0	0	61	0	0	0	0	0	0	0	1	0	0	3	297	634	0	0	0	9	0	0
fsh-generated/resources/StructureDefinition-BeModelReferralPrescription.json	38766	9	0	0	0	0	0	0	0	70	0	0	0	0	0	0	0	0	0	0	4	309	587	0	0	0	20	0	1
fsh-generated/resources/StructureDefinition-BeModelTreatmentStatus.json	12386	5	0	24	0	0	0	0	0	36	0	0	0	0	0	0	0	0	0	0	21	122	321	0	0	0	5	0	0
fsh-generated/resources/StructureDefinition-be-model-bodysite.json	9573	4	0	41	0	0	0	0	0	19	0	0	0	0	0	0	0	0	0	0	2	97	282	0	0	0	4	0	0
fsh-generated/resources/StructureDefinition-be-model-observation.json	49548	9	0	48	0	0	0	0	0	105	0	0	0	0	0	0	0	0	0	0	4	604	929	0	0	0	28	0	1
fsh-generated/resources/ValueSet-ProblemCategoryVS.json	2536	6	0	0	0	0	0	0	1	35	0	0	0	0	0	0	0	0	0	0	5	23	219	0	0	0	0	0	0
fsh-generated/resources/ValueSet-ProblemCodeVS.json	2494	5	0	0	0	0	0	0	0	5	0	0	0	0	0	0	0	0	0	0	6	20	130	0	0	0	1	0	0
fsh-generated/resources/ValueSet-ProblemDiseaseCourseVS.json	4242	6	0	0	0	0	0	0	1	2799	0	0	0	0	0	0	0	0	0	0	6	22	3404	0	0	0	1	0	0
/input/includes/dmn2html.xslt	6208	-	-	-	0	0	0	0	0	0	0	0	0	0	0	0	0	0	0	0	0	0	1	0	0	0	0	0	0
/input/includes/dmn.css	838	-	-	-	0	0	0	0	0	0	0	0	0	0	0	0	0	0	0	0	0	0	1	0	0	0	0	0	0
/fsh-generated/includes/fsh-link-references.md	933	-	-	-	0	0	0	0	0	0	0	0	0	0	0	0	0	0	0	0	0	0	0	0	0	0	0	0	0
/fsh-generated/includes/menu.xml	1043	-	-	-	0	0	0	0	0	0	0	0	0	0	0	0	0	0	0	0	0	0	1	0	0	0	0	0	0
/input/pagecontent/StructureDefinition-BeModelAnnex81-intro.md	79	-	-	-	0	0	0	0	0	0	0	0	0	0	0	0	0	0	0	0	0	0	0	0	0	0	0	0	0
/input/pagecontent/StructureDefinition-BeModelProblem-intro.md	79	-	-	-	0	0	0	0	0	0	0	0	0	0	0	0	0	0	0	0	0	0	1	0	0	0	0	0	0
/input/pagecontent/StructureDefinition-BeModelAssignment-intro.md	82	-	-	-	0	0	0	0	0	0	0	0	0	0	0	0	0	0	0	0	0	0	0	0	0	0	0	0	0
/input/pagecontent/StructureDefinition-BeModelOrganisationClaim-intro.md	89	-	-	-	0	0	0	0	0	0	0	0	0	0	0	0	0	0	0	0	0	0	0	0	0	0	0	0	0
/input/pagecontent/StructureDefinition-be-model-bodysite-intro.md	82	-	-	-	0	0	0	0	0	0	0	0	0	0	0	0	0	0	0	0	0	0	1	0	0	0	0	0	0
/input/pagecontent/StructureDefinition-BeModelRadiologyPrescription-intro.md	93	-	-	-	0	0	0	0	0	0	0	0	0	0	0	0	0	0	0	0	0	0	0	0	0	0	0	0	0
/input/pagecontent/StructureDefinition-be-model-observation-intro.md	85	-	-	-	0	0	0	0	0	0	0	0	0	0	0	0	0	0	0	0	0	0	0	0	0	0	0	0	0
/input/pagecontent/StructureDefinition-BeModelTreatmentStatus-intro.md	87	-	-	-	0	0	0	0	0	0	0	0	0	0	0	0	0	0	0	0	0	0	1	0	0	0	0	0	0
/input/pagecontent/StructureDefinition-BeModelReferralPrescription-intro.md	92	-	-	-	0	0	0	0	0	0	0	0	0	0	0	0	0	0	0	0	0	0	0	0	0	0	0	0	0
/input/pagecontent/StructureDefinition-BeModelNursingPrescription-intro.md	91	-	-	-	0	0	0	0	0	0	0	0	0	0	0	0	0	0	0	0	0	0	1	0	0	0	0	0	0
/input/pagecontent/index.md	78	-	-	-	0	0	0	0	0	0	0	0	0	0	0	0	0	0	0	0	0	0	0	0	0	0	0	0	0
/template/config	0	-	-	-	0	0	0	0	0	0	0	0	0	0	0	0	0	0	0	0	0	0	0	0	0	0	0	0	0
/template/config/_config.yml	46	-	-	-	0	0	0	0	0	0	0	0	0	0	0	0	0	0	0	0	0	0	0	0	0	0	0	0	0
/temp/pages/_includes/artifacts.xml	13294	-	-	-	-	-	-	-	-	-	-	-	-	-	-	-	-	-	-	-	-	-	1	0	0	0	0	0	0
